macromarketmusings,http://macromarketmusings.blogspot.com/2018/10/et-tu-john-williams.html
nakedkeynesianism,http://nakedkeynesianism.blogspot.com/2018/10/the-global-crisis-beyond-secular.html
thedangerouseconomist,https://thedangerouseconomist.blogspot.com/2018/10/joseph-schumpeter-and-me.html
managerialecon,https://managerialecon.blogspot.com/2018/10/is-price-gouging-immoral.html
trueeconomics,http://trueeconomics.blogspot.com/2018/10/291018-corporate-credit-and-debt-powder.html
crimsonobserver,http://crimson-observer.blogspot.com/2012/11/gilmore-shakes-his-clenched-iron-fist.html
capmarketline,https://capmarketline.blogspot.com/2018/10/stock-market-update.html
andolfatto,https://andolfatto.blogspot.com/2018/09/what-is-yield-curve-forecasting.html
newmonetarism,https://newmonetarism.blogspot.com/2018/08/feds-portfolio-manager-says-not-to-worry.html
bonddad,https://bonddad.blogspot.com/2018/10/the-housing-affordability-crisis.html
jpkoning,http://jpkoning.blogspot.com/2018/10/gold-regulators.html
davegiles,https://davegiles.blogspot.com/2018/10/the-refereeing-process-in-economics.html
rajivsethi,https://rajivsethi.blogspot.com/2017/09/innovation-in-economics-pedagogy-and.html
carolabinder,http://carolabinder.blogspot.com/2018/08/inflation-expectations-and-price-at-pump.html
antoniofatas,http://antoniofatas.blogspot.com/2018/09/is-great-moderation-back.html
